Unnamed: 0,timestamp,pod_cpu_aeneas_function,pod_cpu_tocloud_function,pod_cpu_mosquitto_broker,pod_cpu_mosquitto_connector_aeneas,pod_cpu_mosquitto_connector_tocloud,pod_cpu_functions_all,intime,outtime,aeneas,tocloud,TPT,FET,Waiting time,scenario
,,,,,,,,,,,,,,,
,,0.1069092846722091,0.0020439696417209,0.059690270236314,0.1750170194210086,0.0246492225855896,0.1145824883264853,2022-12-05 05:26:45.542186,2022-12-05 05:26:52.708,4.553,0.0373,7.0,4.5903,2.4097,1_1_resource_usage_1
,,0.0790866083453715,0.0039951579442887,0.0380337627076958,0.0272166942520673,0.0076580568012521,0.1013572450151445,2022-12-05 06:16:39.716630,2022-12-05 06:16:47.732000,4.804,0.0485,8.0,4.8525,3.1475,1_1_resource_usage_1
,,0.2407371402352087,0.0028059595364346,0.0137632882124266,0.1316580060941042,0.0284694385371636,0.2729774075862687,2022-12-05 14:43:20.161829,2022-12-05 14:43:27.081000,4.84,0.043,6.0,4.883,1.117,1_1_resource_usage_1
,,0.0018124630932268,0.0019087339599587,0.042539176658675,0.150280379205927,0.0218824412795941,0.0082689374883892,2022-12-06 02:10:42.580428,2022-12-06 02:10:49.359000,0.1463,0.0372,6.0,0.1835,5.8165,1_1_resource_usage_1
,,0.0018124630932268,0.0019087339599587,0.042539176658675,0.150280379205927,0.0218824412795941,0.0082689374883892,2022-12-06 02:10:42.586356,2022-12-06 02:10:54.429000,0.0932,0.0435,11.0,0.1367,10.8633,1_1_resource_usage_1
,,0.0061839147225476,0.0036524723796188,0.0280462350203141,0.2056940011562881,0.0257220129022301,0.0158354901048947,2022-12-06 02:18:52.219105,2022-12-06 02:18:57.999000,0.4733,0.0422,5.0,0.5155,4.4845,1_1_resource_usage_1
,,0.0061839147225476,0.0036524723796188,0.0280462350203141,0.2056940011562881,0.0257220129022301,0.0158354901048947,2022-12-06 02:18:52.225727,2022-12-06 02:19:02.460000,0.1524,0.0423,10.0,0.1947,9.8053,1_1_resource_usage_1
,,0.05526183827347207,0.0031474245517317347,0.03435737014168711,0.2699677012542454,0.020941449644544016,0.06210292147619709,2022-12-06 02:29:21.006544,2022-12-06 02:29:27.284000,.2781,0.0413,6.0,0.3194,5.6806,1_1_resource_usage_1
,,0.05526183827347207,0.0031474245517317347,0.03435737014168711,0.2699677012542454,0.020941449644544016,0.06210292147619709,2022-12-06 02:29:21.013673,2022-12-06 02:29:32.917000,.2391,0.0411,11.0,0.2802,10.7198,1_1_resource_usage_1
